[
    {
        "question": "Which symbol can represent a null value in YAML, besides `null`?",
        "answers": [
          "?",
          "!",
          "~",
          "%"
        ],
        "correct_answer": 2
      },
      {
        "question": "Can keys in a YAML map contain spaces?",
        "answers": [
          "Yes, without any special handling",
          "Yes, but they must be enclosed in quotes",
          "Yes, but spaces must be escaped with backslashes",
          "No, keys cannot contain spaces"
        ],
        "correct_answer": 0
      },
    {
        "question": "What is the primary difference in how newlines are handled between literal style (`|`) and folded style (`>`) block scalars?",
        "answers": [
            "Literal preserves newlines, Folded removes them.",
            "Literal removes newlines, Folded preserves them.",
            "Literal preserves newlines, Folded replaces most with spaces.",
            "Literal replaces newlines with spaces, Folded preserves them."
        ],
        "correct_answer": 2
    }
  ]