[
    {
      "question": "What is the primary purpose of the TCP/IP model?",
      "answers": [
        "Provide a layered architecture for internetwork communication",
        "Replace all operating systems",
        "Encrypt all Internet traffic by default",
        "Control hardware devices directly"
      ],
      "correct_answer": 0
    },
    {
      "question": "Which layer of the TCP/IP model is responsible for end-to-end communication?",
      "answers": [
        "Transport layer",
        "Internet layer",
        "Link layer",
        "Application layer"
      ],
      "correct_answer": 0
    },
    {
      "question": "Which protocol provides reliable, connection-oriented transport?",
      "answers": [
        "TCP",
        "UDP",
        "IP",
        "ICMP"
      ],
      "correct_answer": 0
    },
    {
      "question": "Which protocol provides best-effort, connectionless transport?",
      "answers": [
        "UDP",
        "TCP",
        "ARP",
        "HTTP"
      ],
      "correct_answer": 0
    },
    {
      "question": "Which TCP/IP layer is responsible for routing packets across networks?",
      "answers": [
        "Internet layer",
        "Transport layer",
        "Link layer",
        "Application layer"
      ],
      "correct_answer": 0
    },
    {
      "question": "Which protocol is primarily responsible for logical addressing and routing?",
      "answers": [
        "IP",
        "TCP",
        "UDP",
        "Ethernet"
      ],
      "correct_answer": 0
    },
    {
      "question": "Which protocol maps IP addresses to MAC addresses?",
      "answers": [
        "ARP",
        "ICMP",
        "DNS",
        "DHCP"
      ],
      "correct_answer": 0
    },
    {
      "question": "Which protocol is used to report errors and diagnostic information?",
      "answers": [
        "ICMP",
        "TCP",
        "UDP",
        "ARP"
      ],
      "correct_answer": 0
    },
    {
      "question": "Which ICMP message type is used by ping?",
      "answers": [
        "Echo request and echo reply",
        "Destination unreachable",
        "Time exceeded",
        "Redirect"
      ],
      "correct_answer": 0
    },
    {
      "question": "Which ICMP message is generated when TTL reaches zero?",
      "answers": [
        "Time exceeded",
        "Echo reply",
        "Port unreachable",
        "Parameter problem"
      ],
      "correct_answer": 0
    },
    {
      "question": "Which command primarily relies on ICMP echo messages?",
      "answers": [
        "ping",
        "traceroute",
        "netstat",
        "ifconfig"
      ],
      "correct_answer": 0
    },
    {
      "question": "Which command relies on ICMP time-exceeded messages to trace a route?",
      "answers": [
        "traceroute",
        "ping",
        "arp",
        "route"
      ],
      "correct_answer": 0
    },
    {
      "question": "What is the default size of an IPv4 address?",
      "answers": [
        "32 bits",
        "64 bits",
        "48 bits",
        "128 bits"
      ],
      "correct_answer": 0
    },
    {
      "question": "What is the size of an IPv6 address?",
      "answers": [
        "128 bits",
        "64 bits",
        "32 bits",
        "48 bits"
      ],
      "correct_answer": 0
    },
    {
      "question": "Which IPv4 address range is reserved for private networks?",
      "answers": [
        "10.0.0.0/8",
        "8.8.8.0/24",
        "224.0.0.0/4",
        "169.254.0.0/16"
      ],
      "correct_answer": 0
    },
    {
      "question": "Which IPv4 address range is reserved for loopback?",
      "answers": [
        "127.0.0.0/8",
        "10.0.0.0/8",
        "192.168.0.0/16",
        "224.0.0.0/4"
      ],
      "correct_answer": 0
    },
    {
      "question": "Which IPv4 address indicates 'this host'?",
      "answers": [
        "0.0.0.0",
        "255.255.255.255",
        "127.0.0.1",
        "169.254.0.1"
      ],
      "correct_answer": 0
    },
    {
      "question": "Which IPv4 address is used for limited broadcast?",
      "answers": [
        "255.255.255.255",
        "0.0.0.0",
        "224.0.0.1",
        "127.255.255.255"
      ],
      "correct_answer": 0
    },
    {
      "question": "Which address class provides multicast communication?",
      "answers": [
        "Class D",
        "Class A",
        "Class B",
        "Class C"
      ],
      "correct_answer": 0
    },
    {
      "question": "Which IP header field prevents packets from looping indefinitely?",
      "answers": [
        "TTL (Time To Live)",
        "Checksum",
        "Protocol",
        "Identification"
      ],
      "correct_answer": 0
    },
    {
      "question": "What happens when a router decrements TTL to zero?",
      "answers": [
        "The packet is dropped and an ICMP error is sent",
        "The packet is forwarded normally",
        "The packet is retransmitted",
        "The packet is encrypted"
      ],
      "correct_answer": 0
    },
    {
      "question": "Which field in the IP header identifies the upper-layer protocol?",
      "answers": [
        "Protocol",
        "TTL",
        "Header length",
        "Checksum"
      ],
      "correct_answer": 0
    },
    {
      "question": "Which IP header field is used for fragmentation and reassembly?",
      "answers": [
        "Identification",
        "Protocol",
        "TTL",
        "Source address"
      ],
      "correct_answer": 0
    },
    {
      "question": "Which IP header field indicates whether fragmentation is allowed?",
      "answers": [
        "Flags",
        "Protocol",
        "TTL",
        "Checksum"
      ],
      "correct_answer": 0
    },
    {
      "question": "Which IP header field specifies the position of a fragment?",
      "answers": [
        "Fragment offset",
        "Identification",
        "Protocol",
        "Header length"
      ],
      "correct_answer": 0
    },
    {
      "question": "Which protocol resolves MAC addresses locally without contacting routers?",
      "answers": [
        "ARP",
        "IP",
        "ICMP",
        "DNS"
      ],
      "correct_answer": 0
    },
    {
      "question": "Which statement best describes ARP?",
      "answers": [
        "ARP operates only within a local network",
        "ARP routes packets across the Internet",
        "ARP encrypts IP packets",
        "ARP assigns IP addresses dynamically"
      ],
      "correct_answer": 0
    },
    {
      "question": "Which table stores IP-to-MAC mappings on a host?",
      "answers": [
        "ARP cache",
        "Routing table",
        "DNS cache",
        "NAT table"
      ],
      "correct_answer": 0
    },
    {
      "question": "Which protocol is used to dynamically assign IP addresses?",
      "answers": [
        "DHCP",
        "ARP",
        "DNS",
        "ICMP"
      ],
      "correct_answer": 0
    },
    {
      "question": "What is the correct DHCP message order?",
      "answers": [
        "Discover, Offer, Request, Acknowledge",
        "Request, Discover, Offer, Acknowledge",
        "Discover, Request, Offer, Acknowledge",
        "Offer, Discover, Request, Acknowledge"
      ],
      "correct_answer": 0
    },
    {
      "question": "Which protocol translates human-readable names to IP addresses?",
      "answers": [
        "DNS",
        "ARP",
        "DHCP",
        "ICMP"
      ],
      "correct_answer": 0
    },
    {
      "question": "Which TCP feature ensures reliable delivery?",
      "answers": [
        "Acknowledgements and retransmissions",
        "Broadcast transmission",
        "Checksum only",
        "Fragmentation"
      ],
      "correct_answer": 0
    },
    {
      "question": "Which TCP mechanism controls data flow between sender and receiver?",
      "answers": [
        "Flow control using window size",
        "ARP caching",
        "TTL decrement",
        "IP fragmentation"
      ],
      "correct_answer": 0
    },
    {
      "question": "Which TCP mechanism reacts to network congestion?",
      "answers": [
        "Congestion control",
        "Flow control",
        "Error detection",
        "Address resolution"
      ],
      "correct_answer": 0
    },
    {
      "question": "Which protocol uses port numbers?",
      "answers": [
        "TCP and UDP",
        "IP only",
        "ARP only",
        "ICMP only"
      ],
      "correct_answer": 0
    },
    {
      "question": "What is the valid range of TCP/UDP port numbers?",
      "answers": [
        "0–65535",
        "0–1023",
        "1024–49151",
        "49152–65535"
      ],
      "correct_answer": 0
    },
    {
      "question": "Which port range is considered well-known ports?",
      "answers": [
        "0–1023",
        "1024–49151",
        "49152–65535",
        "2048–4096"
      ],
      "correct_answer": 0
    },
    {
      "question": "Which port is typically used by HTTP?",
      "answers": [
        "80",
        "443",
        "21",
        "25"
      ],
      "correct_answer": 0
    },
    {
      "question": "Which port is typically used by HTTPS?",
      "answers": [
        "443",
        "80",
        "22",
        "110"
      ],
      "correct_answer": 0
    },
    {
      "question": "Which port is typically used by SSH?",
      "answers": [
        "22",
        "23",
        "21",
        "25"
      ],
      "correct_answer": 0
    },
    {
      "question": "Which protocol operates at the application layer?",
      "answers": [
        "HTTP",
        "IP",
        "ARP",
        "Ethernet"
      ],
      "correct_answer": 0
    },
    {
      "question": "Which TCP/IP layer corresponds roughly to OSI layers 5–7?",
      "answers": [
        "Application layer",
        "Transport layer",
        "Internet layer",
        "Link layer"
      ],
      "correct_answer": 0
    },
    {
      "question": "Which TCP/IP layer corresponds roughly to OSI layers 1–2?",
      "answers": [
        "Link layer",
        "Transport layer",
        "Internet layer",
        "Application layer"
      ],
      "correct_answer": 0
    },
    {
      "question": "Which statement best describes encapsulation?",
      "answers": [
        "Each layer adds its own header as data moves down the stack",
        "Packets are encrypted at every layer",
        "Data is fragmented only at the application layer",
        "Headers are removed before transmission"
      ],
      "correct_answer": 0
    },
    {
      "question": "Which statement best describes decapsulation?",
      "answers": [
        "Each layer removes its header as data moves up the stack",
        "Headers are added at every layer",
        "Packets are duplicated",
        "Data bypasses the transport layer"
      ],
      "correct_answer": 0
    },
    {
      "question": "Which protocol is responsible for best-effort packet delivery?",
      "answers": [
        "IP",
        "TCP",
        "UDP",
        "HTTP"
      ],
      "correct_answer": 0
    },
    {
      "question": "Which protocol ensures ordered delivery of data?",
      "answers": [
        "TCP",
        "UDP",
        "IP",
        "ICMP"
      ],
      "correct_answer": 0
    },
    {
      "question": "Which protocol is most suitable for real-time applications like VoIP?",
      "answers": [
        "UDP",
        "TCP",
        "IP",
        "ARP"
      ],
      "correct_answer": 0
    },
    {
      "question": "Which Internet organization is responsible for developing Internet standards?",
      "answers": [
        "IETF",
        "ICANN",
        "IEEE",
        "ISO"
      ],
      "correct_answer": 0
    },
    {
      "question": "Which organization manages IP address allocation globally?",
      "answers": [
        "ICANN",
        "IETF",
        "IEEE",
        "ISO"
      ],
      "correct_answer": 0
    },
    {
      "question": "Which document series defines Internet standards?",
      "answers": [
        "RFCs",
        "ISOs",
        "IEEE 802",
        "POSIX"
      ],
      "correct_answer": 0
    },
    {
      "question": "Which RFC originally defined IPv4?",
      "answers": [
        "RFC 791",
        "RFC 768",
        "RFC 826",
        "RFC 2616"
      ],
      "correct_answer": 0
    },
    {
      "question": "Which RFC defines UDP?",
      "answers": [
        "RFC 768",
        "RFC 791",
        "RFC 826",
        "RFC 2616"
      ],
      "correct_answer": 0
    },
    {
      "question": "Which RFC defines ARP?",
      "answers": [
        "RFC 826",
        "RFC 768",
        "RFC 791",
        "RFC 793"
      ],
      "correct_answer": 0
    },
    {
      "question": "Which RFC defines TCP?",
      "answers": [
        "RFC 793",
        "RFC 768",
        "RFC 791",
        "RFC 826"
      ],
      "correct_answer": 0
    }
  ]
  